Timestamp,PM2.5 (µg/m³),PM10 (µg/m³),NO (µg/m³),NO2 (µg/m³),NOx (ppb),NH3 (µg/m³),SO2 (µg/m³),CO (mg/m³),Ozone (µg/m³),Benzene (µg/m³),Toluene (µg/m³),Xylene (µg/m³),O Xylene (µg/m³),Eth-Benzene (µg/m³),MP-Xylene (µg/m³),AT (°C),RH (%),WS (m/s),WD (deg),RF (mm),TOT-RF (mm),SR (W/mt2),BP (mmHg),VWS (m/s)
01-01-2020 00:00,NA,NA,NA,NA,NA,NA,NA,NA,NA,NA,NA,NA,NA,NA,NA,NA,NA,NA,NA,NA,0,NA,NA,NA
02-01-2020 00:00,43.67,134,6.63,20.28,16.21,10.98,3.41,0.91,21.82,2.07,2.47,NA,NA,NA,NA,22.59,73.64,1.02,97.88,NA,0,NA,720.88,NA
03-01-2020 00:00,30.58,74.42,2.44,15.17,10.04,12.1,3.27,0.96,23.31,2.01,1.55,NA,NA,NA,NA,24.61,66.33,1.4,107.56,NA,0,NA,718.6,NA
04-01-2020 00:00,66.35,155.68,75.8,42.9,94.71,11.75,3.26,2.54,29.7,2.15,2.42,NA,NA,NA,NA,24.86,62.16,1.29,167.92,NA,0,NA,717.08,NA
05-01-2020 00:00,48,99.13,1.89,18.56,11.4,9.79,2.95,1.14,31.01,2.02,1.2,NA,NA,NA,NA,25.66,59.3,2.11,96.21,NA,0,NA,716.52,NA
06-01-2020 00:00,23.75,63.34,3.9,17.21,12.32,7.4,2.82,1.08,25.82,2,1.07,NA,NA,NA,NA,23.97,68.04,1.81,82.69,NA,0,NA,719.31,NA
07-01-2020 00:00,24.67,72,4.22,17.2,12.44,7.66,2.97,0.98,30.37,2.01,1.05,NA,NA,NA,NA,23.32,68.49,1.81,84.77,NA,0,NA,718.78,NA
08-01-2020 00:00,34.18,79.06,1.97,18.16,11.11,9.35,2.99,0.99,29.61,1.82,1.33,NA,NA,NA,NA,23.75,64.03,1.63,99.57,NA,0,NA,718.03,NA
09-01-2020 00:00,41.61,98,5.2,21.49,15.15,11.21,2.98,1.11,30.97,2.01,1.65,NA,NA,NA,NA,23.77,62.34,1.41,89.67,NA,0,NA,717.67,NA
10-01-2020 00:00,38.95,97.7,2.94,19.77,13,12.8,3.34,0.97,31.89,1.88,1.98,NA,NA,NA,NA,24.08,52.93,2.15,80.79,NA,0,NA,718.51,NA
11-01-2020 00:00,34.05,77.56,3.34,21.34,14.06,12.08,3.07,1.01,34.36,1.56,1.83,NA,NA,NA,NA,22.11,62.43,2.08,76.49,NA,0,NA,721.37,NA
12-01-2020 00:00,39.12,75.93,4.14,17.88,13.05,16.07,2.96,0.96,44.84,1.5,1.81,NA,NA,NA,NA,22.09,66.53,1.85,83.12,NA,0,NA,718.61,NA
13-01-2020 00:00,NA,NA,NA,NA,NA,NA,NA,NA,NA,NA,NA,NA,NA,NA,NA,NA,NA,NA,NA,NA,0,NA,NA,NA
14-01-2020 00:00,NA,NA,NA,NA,NA,NA,NA,NA,NA,NA,NA,NA,NA,NA,NA,NA,NA,NA,NA,NA,0,NA,NA,NA
15-01-2020 00:00,NA,NA,NA,NA,NA,NA,NA,NA,NA,NA,NA,NA,NA,NA,NA,NA,NA,NA,NA,NA,0,NA,NA,NA
16-01-2020 00:00,38,93,3.9,45.15,27.15,11.95,3.95,0.68,16.18,1.5,1.8,NA,NA,NA,NA,24.77,61.67,1,69.33,NA,0,NA,718,NA
17-01-2020 00:00,42.96,112.6,42.59,30.73,45.74,14.73,3.2,1.38,26.75,1.59,2.51,NA,NA,NA,NA,24.62,57.36,1.41,91.26,NA,0,NA,718.66,NA
18-01-2020 00:00,26.8,59,3.43,16.92,11.78,11.34,3.18,1.02,31.02,1.5,1.74,NA,NA,NA,NA,22.84,73.5,2.48,80,NA,0,NA,717.83,NA
19-01-2020 00:00,22.19,56.56,2.06,12.35,8.23,8.4,3.19,0.97,39.56,1.54,2.02,NA,NA,NA,NA,24.05,64.48,2.21,88.28,NA,0,NA,718.12,NA
20-01-2020 00:00,34.24,100.22,5.73,26.62,18.51,9.03,3.23,1.1,31.6,1.32,2.57,NA,NA,NA,NA,24.64,56.95,1.74,96.67,NA,0,NA,719.05,NA
21-01-2020 00:00,37.5,102.51,9.01,33.74,24.24,9.73,3.25,1.16,29.45,1.31,2.55,NA,NA,NA,NA,23.38,56.41,1.97,78.18,NA,0,NA,720.32,NA
22-01-2020 00:00,34.48,86.75,4.2,26.2,17.47,9.86,3.22,1.11,34.25,1.3,2.87,NA,NA,NA,NA,22.12,68.28,2.09,86.75,NA,0,NA,720.57,NA
23-01-2020 00:00,46.65,98.18,4.25,20.54,14.3,9.95,3.19,1.09,33.52,1.31,2.86,NA,NA,NA,NA,23.13,66.83,2.09,83.23,NA,0,NA,725.11,NA
24-01-2020 00:00,38.05,96.7,11.19,40.46,30.04,8.42,2.87,1.16,40.62,1.29,3.01,NA,NA,NA,NA,24.78,45.29,1.6,83.02,NA,0,NA,721.73,NA
25-01-2020 00:00,48.78,112.69,23,41.56,40.8,9.77,2.86,1.26,29.72,1.32,2.9,NA,NA,NA,NA,23,44.31,1.24,86.05,NA,0,NA,718.85,NA
26-01-2020 00:00,51.86,111.57,25.81,41.8,43.39,12.05,2.81,1.29,25.68,1.29,2.89,NA,NA,NA,NA,22.45,50.65,1.22,82.49,NA,0,NA,730.24,NA
27-01-2020 00:00,74.23,169.38,165.11,48.11,120.65,15.29,2.88,1.97,25.19,1.39,3.43,NA,NA,NA,NA,21.58,60.57,1.48,77.29,NA,0,NA,718,NA
28-01-2020 00:00,61.95,162.59,26.62,53.65,49.65,12.5,2.89,1.62,24.9,1.37,3.8,NA,NA,NA,NA,26.52,42.65,1.48,155.22,NA,0,NA,718.24,NA
29-01-2020 00:00,59.67,140.87,7.94,40.89,30.45,12.73,2.78,1.39,25.4,1.33,3.35,NA,NA,NA,NA,25.69,47.94,1.48,142.29,NA,0,NA,718.67,NA
30-01-2020 00:00,72.46,191.19,89.03,63.83,101.68,13.42,2.83,1.93,24.72,1.4,3.83,NA,NA,NA,NA,25.45,47.77,1.21,143.49,NA,0,NA,717.88,NA
31-01-2020 00:00,53.61,133.86,4.26,33.53,21.23,12.63,2.91,1.31,36.37,1.31,3.01,NA,NA,NA,NA,26.74,44.33,1.75,115.65,NA,0,NA,716.02,NA
01-02-2020 00:00,57.62,112.99,1.41,16.11,9.72,12.28,3.17,0.99,40.39,1.27,2.74,NA,NA,NA,NA,23.95,60.64,1.82,97.02,NA,0,NA,719.96,NA
02-02-2020 00:00,41.16,82,1.19,11.26,6.94,9.53,2.82,0.9,30.25,1.23,2.61,NA,NA,NA,NA,22.72,65.11,2.04,96.34,NA,0,NA,719.57,NA
03-02-2020 00:00,36.32,89.84,7.8,26.36,18.86,8.44,2.73,1.06,36.14,0.98,2.63,NA,NA,NA,NA,23.08,56.37,1.73,77.39,NA,0,NA,719.32,NA
04-02-2020 00:00,34.42,90.27,3.15,20.24,13.4,8.8,2.58,1.06,37.66,0.79,2.26,NA,NA,NA,NA,23.65,54.12,1.88,91.24,NA,0,NA,721.29,NA
05-02-2020 00:00,34.2,82.97,2.9,19.62,12.79,8.91,2.66,1.04,34.19,0.62,2,NA,NA,NA,NA,24.16,58.69,1.7,102.29,NA,0,NA,718.5,NA
06-02-2020 00:00,45.36,101.46,6.69,30.66,21.75,9.39,2.62,1.28,32.46,0.63,2.22,NA,NA,NA,NA,23.7,57.77,1.26,124.79,NA,0,NA,718.08,NA
07-02-2020 00:00,60.29,132.17,10.53,35.42,26.5,10.61,2.87,1.29,36.41,0.66,2.83,NA,NA,NA,NA,24.74,57.12,1.48,134.72,NA,0,NA,718.16,NA
08-02-2020 00:00,56.24,133.18,16.61,33.64,29.94,10.11,2.66,1.38,34.83,0.7,2.39,NA,NA,NA,NA,24.12,59.15,1.32,126.42,NA,0,NA,718.61,NA
09-02-2020 00:00,42.09,85.5,1.87,15.75,9.82,9.15,2.91,0.96,43.23,0.6,1.91,NA,NA,NA,NA,24.38,58.72,1.74,96.31,NA,0,NA,718.59,NA
10-02-2020 00:00,36.13,84.37,2.28,17.08,10.71,8.11,2.66,1.02,35.28,0.62,2.03,NA,NA,NA,NA,23.44,64.81,2.43,94.41,NA,0,NA,731.94,NA
11-02-2020 00:00,38,95.19,3.59,26.81,17.28,7.61,2.66,1.09,36.65,0.66,2.34,NA,NA,NA,NA,25.01,52.85,2.52,99.54,NA,0,NA,747.14,NA
12-02-2020 00:00,37.86,85.53,3.64,21.52,14.92,7.51,2.67,1.02,31.28,0.7,2.29,NA,NA,NA,NA,23.05,64.09,3.02,110.15,NA,0,NA,727.34,NA
13-02-2020 00:00,39.13,100.44,21.65,39.89,37.56,7.81,2.75,1.28,38.64,0.73,2.6,NA,NA,NA,NA,26.25,47.54,1.78,97.24,NA,0,NA,719.24,NA
14-02-2020 00:00,52.4,125.07,33.13,49.16,53.08,10.45,2.7,1.87,40.61,0.76,2.74,NA,NA,NA,NA,25.84,49.67,1.16,110.78,NA,0,NA,717.8,NA
15-02-2020 00:00,56.35,130.38,38.07,55.33,60.38,10.87,2.78,1.62,33.98,0.75,2.69,NA,NA,NA,NA,25.79,39.73,1.16,95.4,NA,0,NA,717.62,NA
16-02-2020 00:00,41.71,91.29,10.05,38.35,28.56,9.35,2.83,1.12,34.55,0.71,2.38,NA,NA,NA,NA,26.25,33.12,1.52,84,NA,0,NA,718.67,NA
17-02-2020 00:00,44.28,101.74,25.74,41.7,43.1,10.65,2.76,1.43,47.27,0.72,2.5,NA,NA,NA,NA,24.38,42.79,1.62,77.47,NA,0,NA,719.53,NA
18-02-2020 00:00,43.68,95.16,8.23,34.38,24.99,10.76,2.73,1.15,51.71,0.7,2.33,NA,NA,NA,NA,29.92,46.42,1.6,79.26,NA,0,NA,718.97,NA
19-02-2020 00:00,45.45,99.09,4.37,32.09,20.63,10.61,2.61,1.03,34.7,0.7,2.35,NA,NA,NA,NA,29.35,51.47,1.73,82.98,NA,0,NA,718.66,NA
20-02-2020 00:00,48.49,101.79,7.4,29.29,21.6,11.29,2.75,1.02,30.09,0.71,2.31,NA,NA,NA,NA,23.99,53.11,1.9,82.68,NA,0,NA,718.23,NA
21-02-2020 00:00,30.5,67.75,3.65,19.38,13.28,10.48,2.54,0.94,38.24,0.7,2.23,NA,NA,NA,NA,23.84,57.69,1.79,86.23,NA,0,NA,719.63,NA
22-02-2020 00:00,33.7,79.15,3.05,17.87,11.98,11.04,2.55,0.96,41.95,0.52,2.48,NA,NA,NA,NA,24.68,57.24,2,82.11,NA,0,NA,720.37,NA
23-02-2020 00:00,37.16,86.35,1.6,12.62,8.02,10.23,2.6,1,33.31,0.4,2.59,NA,NA,NA,NA,24.39,59.98,1.78,86.2,NA,0,NA,719.84,NA
24-02-2020 00:00,38.52,94,1.74,15.02,9.41,9,2.55,1.08,32.83,0.38,2.65,NA,NA,NA,NA,24.22,59.72,1.76,89.45,NA,0,NA,717.62,NA
25-02-2020 00:00,42.18,108.38,3.4,28.13,17.73,9.96,2.62,1.1,38.66,0.44,2.55,NA,NA,NA,NA,26.12,50.64,1.5,113.91,NA,0,NA,716.24,NA
26-02-2020 00:00,35.6,94.6,2.48,18.75,11.99,9.46,2.56,1.09,35.5,0.95,1.16,NA,NA,NA,NA,25.87,55.36,1.65,95,NA,0,NA,716.49,NA
27-02-2020 00:00,38.76,102.95,7.63,30.46,22.42,9.43,2.58,1.24,34.7,0.66,1.1,NA,NA,NA,NA,25.82,54.69,1.63,89.6,NA,0,NA,717.09,NA
28-02-2020 00:00,39.33,94.53,5.97,25.47,18.4,9.72,2.56,1.2,30.82,0.64,1.04,NA,NA,NA,NA,25.14,57.98,1.9,87.9,NA,0,NA,716.16,NA
29-02-2020 00:00,37.66,96.49,6.43,23.04,17.49,9.38,2.58,1.16,39.89,0.61,1.05,NA,NA,NA,NA,25.87,53.83,1.75,95.98,NA,0,NA,716.02,NA
01-03-2020 00:00,43.51,96.91,2.16,15.49,9.99,9.34,2.69,1.08,49.64,0.61,0.96,NA,NA,NA,NA,25.77,57.34,1.76,94.06,NA,0,NA,716.38,NA
02-03-2020 00:00,63.49,137.43,13.36,33.66,28.76,10.04,2.67,1.48,32.05,0.66,1.29,NA,NA,NA,NA,25.01,61.47,1.4,138.69,NA,0,NA,717.22,NA
03-03-2020 00:00,76.92,178.58,32.96,42.02,49.16,11.46,2.69,1.88,30.56,0.72,1.69,NA,NA,NA,NA,26.63,53.81,1.23,134.75,NA,0,NA,716.81,NA
04-03-2020 00:00,64.23,150.84,44.92,53.35,64.89,11.33,2.74,1.97,39.68,0.73,1.75,NA,NA,NA,NA,27.09,53.52,1.41,199.24,NA,0,NA,716.39,NA
05-03-2020 00:00,52.51,130.1,8.12,34.06,24.71,11.65,2.77,1.42,32.75,0.66,1.26,NA,NA,NA,NA,26.71,54.82,1.7,155.53,NA,0,NA,715.35,NA
06-03-2020 00:00,26.76,98.67,10.94,34.37,27.17,10.08,2.54,1.35,55.93,0.62,1.19,NA,NA,NA,NA,27.41,54.93,1.7,180.53,NA,0,NA,715.47,NA
07-03-2020 00:00,37.77,105.82,7.71,24.58,19.34,13.25,2.65,1.26,31.2,0.64,1.3,NA,NA,NA,NA,26.39,61.53,1.56,142.76,NA,0,NA,717.27,NA
08-03-2020 00:00,26.61,79.84,2,13.73,8.94,13.01,2.58,1.1,32,0.6,1.11,NA,NA,NA,NA,27.18,57.39,1.62,118.37,NA,0,NA,716.45,NA
09-03-2020 00:00,29.22,91.32,9.77,22.92,20.14,11.76,2.55,1.17,33,0.63,1.11,NA,NA,NA,NA,26.56,62.5,1.52,144.22,NA,0,NA,715.82,NA
10-03-2020 00:00,30.92,91.06,2.82,18.66,12.22,11.01,2.69,1.11,36.54,0.6,1.13,NA,NA,NA,NA,27.39,52.86,1.64,128.69,NA,0,NA,715.76,NA
11-03-2020 00:00,30.5,98.56,6.6,24.55,18.42,9.72,2.72,1.22,31.37,0.62,1.18,NA,NA,NA,NA,27.51,47.47,1.56,134.18,NA,0,NA,716.56,NA
12-03-2020 00:00,30.24,92.55,13.5,26.87,25.26,9.04,2.63,1.21,27.17,0.62,1.16,NA,NA,NA,NA,27.4,47.31,1.56,157.02,NA,0,NA,717.57,NA
13-03-2020 00:00,28.75,90.92,12.37,20.58,21,9.52,2.67,1.1,26.04,0.62,1.09,NA,NA,NA,NA,27.16,46.37,1.53,105.5,NA,0,NA,717.65,NA
14-03-2020 00:00,27.26,79.28,4.31,18.21,13.19,8.82,2.56,1.03,22.38,0.61,1.1,NA,NA,NA,NA,27.33,46.76,1.39,105.47,NA,0,NA,716.62,NA
15-03-2020 00:00,25.74,76.92,1.95,17.2,10.73,10.36,2.63,1,25.31,0.6,0.97,NA,NA,NA,NA,27.35,50.18,1.72,93.72,NA,0,NA,716.46,NA
16-03-2020 00:00,20.83,68.97,1.4,10.79,6.88,8.43,2.62,0.91,31.16,0.6,0.98,NA,NA,NA,NA,26.94,52.85,1.82,98.9,NA,0,NA,717.78,NA
17-03-2020 00:00,22.98,70.57,2.09,9.79,6.91,7.7,2.58,0.92,32.87,0.6,0.97,NA,NA,NA,NA,26.54,52.21,2.07,95.06,NA,0,NA,719,NA
18-03-2020 00:00,30.67,63.14,1.8,12.04,7.86,8.47,2.6,0.96,38.53,0.61,1.04,NA,NA,NA,NA,26.87,45.47,1.73,99.16,NA,0,NA,718.28,NA
19-03-2020 00:00,40.36,91,11.12,24.7,22.17,9.96,2.76,1.21,41.7,0.63,1.24,NA,NA,NA,NA,27.92,44.3,1.23,139.87,NA,0,NA,717.4,NA
20-03-2020 00:00,37.92,80.32,5.4,26.21,18.32,11.24,2.63,1.21,43.45,0.81,1.47,NA,NA,NA,NA,25.87,62.58,1.75,155.91,NA,0,NA,716.92,NA
21-03-2020 00:00,39.7,88.94,19.66,38.41,36.41,9,2.44,1.47,28.74,1.01,2.01,NA,NA,NA,NA,27.81,51.72,1.14,161.77,NA,0,NA,716.55,NA
22-03-2020 00:00,23.03,48.83,1.11,10.14,6.3,11.25,2.57,0.91,24.67,0.67,1.65,NA,NA,NA,NA,28.67,48.17,1.41,140.63,NA,0,NA,716.23,NA
23-03-2020 00:00,43.45,76.1,8.1,20.88,17.68,13.61,2.67,1.28,29.62,0.4,0.93,NA,NA,NA,NA,26.85,60.71,1.42,130.83,NA,0,NA,716.38,NA
24-03-2020 00:00,42.63,72.37,3.15,11.46,8.66,11.87,2.76,0.94,34.64,0.66,0.5,NA,NA,NA,NA,28.74,44.87,1.34,127.54,NA,0,NA,715.04,NA
25-03-2020 00:00,16.76,41.84,0.6,4.94,3.11,9.26,2.56,0.82,44.27,0.67,0.5,NA,NA,NA,NA,27.5,48.69,1.45,111.04,NA,0,NA,714.82,NA
26-03-2020 00:00,19.87,48.93,0.51,4.21,2.64,8.79,2.62,0.88,36.78,0.38,0.47,NA,NA,NA,NA,27.76,48.16,1.59,94.29,NA,0,NA,715.64,NA
27-03-2020 00:00,17.29,41.42,0.58,4.33,2.76,8.28,2.59,0.85,44.17,0.38,0.48,NA,NA,NA,NA,26.88,48.04,1.65,93.27,NA,0,NA,717.38,NA
28-03-2020 00:00,17.14,43.27,0.85,5.95,3.85,7.55,2.68,0.83,31.82,0.38,0.48,NA,NA,NA,NA,27.45,37.49,1.39,90.57,NA,0,NA,716.51,NA
29-03-2020 00:00,20.69,41.91,1.62,9.42,6.32,8.03,2.72,0.89,37.98,0.26,0.5,NA,NA,NA,NA,27.08,34.62,1.16,119.91,NA,0,NA,715.19,NA
30-03-2020 00:00,13.92,36.92,0.69,5.46,3.47,7.93,2.76,0.82,44.29,0.22,0.5,NA,NA,NA,NA,30.29,29.92,1.9,93.81,NA,0,NA,716.19,NA
31-03-2020 00:00,20.17,44.94,1.34,6.32,4.41,8.57,2.73,0.86,33.19,0.2,0.42,NA,NA,NA,NA,27.47,41.47,1.47,104.78,NA,0,NA,717.03,NA
01-04-2020 00:00,21.38,50.72,0.81,5.59,3.64,8.15,2.75,0.87,27.75,0.2,0.41,NA,NA,NA,NA,28.41,38.56,1.62,91.7,NA,0,NA,716.28,NA
02-04-2020 00:00,28.42,55.3,0.61,5.19,3.25,8.99,2.1,0.59,36.25,0.2,0.3,NA,NA,NA,NA,28.91,39.53,1.62,116.35,NA,0,NA,715.38,NA
03-04-2020 00:00,31.85,58.45,0.56,5.43,3.35,8.71,1.33,0.31,43.44,0.2,0.3,NA,NA,NA,NA,28.81,43.11,1.61,119.33,NA,0,NA,715.71,NA
04-04-2020 00:00,28.5,58.17,0.53,5.07,3.11,8.26,1.31,0.31,35.03,0.22,0.34,NA,NA,NA,NA,28.5,47.58,1.54,126.26,NA,0,NA,716.32,NA
05-04-2020 00:00,28.25,54.16,0.57,5,3.11,7.95,1.29,0.31,34.2,0.2,0.4,NA,NA,NA,NA,28.64,52.52,1.62,136.82,NA,0,NA,717.17,NA
06-04-2020 00:00,18.99,43.53,0.64,7.68,4.61,6.75,1.16,0.35,33.34,0.2,0.37,NA,NA,NA,NA,27.64,58.67,1.55,199.03,NA,0,NA,717.49,NA
07-04-2020 00:00,9.07,23.4,2.98,9,7.21,22.9,1.04,0.36,31.98,0.27,0.46,NA,NA,NA,NA,26.36,62.48,1.65,200.8,NA,0,NA,716.33,NA
08-04-2020 00:00,16.68,33.77,1.23,10.16,6.4,13.86,1.23,0.46,34.05,0.41,0.61,NA,NA,NA,NA,27.29,55.56,1.09,191.77,NA,0,NA,716.81,NA
09-04-2020 00:00,17.11,39.69,1.05,8.42,5.34,14.19,1.39,0.59,36.42,0.34,0.67,NA,NA,NA,NA,26.14,64.06,1.6,157.51,NA,0,NA,716.63,NA
10-04-2020 00:00,12.52,27.39,0.81,6.98,4.37,12.93,1.38,0.5,35.14,0.4,0.8,NA,NA,NA,NA,25.83,58.51,1.33,144.21,NA,0,NA,716.97,NA
11-04-2020 00:00,23.08,42.22,0.67,5.33,3.38,14.32,1.29,0.49,30.67,0.6,0.79,NA,NA,NA,NA,26.82,57.89,1.62,97.96,NA,0,NA,718.08,NA
12-04-2020 00:00,19.62,44.51,1.25,6.69,4.58,12,1.32,0.52,34.44,0.37,0.76,NA,NA,NA,NA,27.99,45.74,1.34,105.44,NA,0,NA,717.46,NA
13-04-2020 00:00,27.65,58.1,4.03,13.41,10.42,13.26,1.43,0.63,33.29,0.32,0.77,NA,NA,NA,NA,28.21,40.57,1.15,124.56,NA,0,NA,716.08,NA
14-04-2020 00:00,32.11,63.15,4.26,13.34,10.56,14.29,1.68,0.57,34.46,0.31,0.76,NA,NA,NA,NA,28.11,35.33,1.36,100.04,NA,0,NA,716.17,NA
15-04-2020 00:00,32.29,57.03,1.77,10.19,6.85,14.23,1.74,0.55,35.83,0.19,0.71,NA,NA,NA,NA,28.35,41.88,1.27,115.77,NA,0,NA,717.1,NA
16-04-2020 00:00,25.07,51.38,1.39,8.81,5.82,11.81,1.54,0.54,34.74,0.19,0.94,NA,NA,NA,NA,28.76,43.93,1.42,138.78,NA,0,NA,716.03,NA
17-04-2020 00:00,27.27,63.39,1,7.33,4.71,11.72,1.43,0.59,34.7,0.2,0.83,NA,NA,NA,NA,28.94,51.08,1.47,148.19,NA,0,NA,715.38,NA
18-04-2020 00:00,24.33,54.32,0.82,6.61,4.19,10.34,1.4,0.56,35.42,0.14,0.87,NA,NA,NA,NA,28.83,50.72,1.4,131.43,NA,0,NA,715.72,NA
19-04-2020 00:00,21.55,49.21,0.72,5.41,3.45,9.15,1.36,0.52,36.74,0.13,0.88,NA,NA,NA,NA,28.81,50.72,1.62,127.76,NA,0,NA,715.53,NA
20-04-2020 00:00,18.01,41.17,0.74,5.21,3.36,8.45,1.57,0.48,37.38,0.13,0.9,NA,NA,NA,NA,28.39,50.55,1.59,108.75,NA,0,NA,715.62,NA
21-04-2020 00:00,15.28,34.1,1.08,6.91,4.55,6.38,1.45,0.55,37,0.14,0.89,NA,NA,NA,NA,28.54,46.79,1.41,128.09,NA,0,NA,715.68,NA
22-04-2020 00:00,16.16,39.77,0.61,4.64,2.96,5.6,1.43,0.53,35.83,0.13,0.88,NA,NA,NA,NA,28.99,50.59,1.67,165.95,NA,0,NA,715.27,NA
23-04-2020 00:00,16.11,38.22,0.6,5.23,3.26,4.78,1.39,0.62,31.46,0.2,1.03,NA,NA,NA,NA,28.48,57.22,1.55,206.04,NA,0,NA,715.31,NA
24-04-2020 00:00,31.75,87.15,1.62,9.85,6.54,4.79,1.38,0.73,42.75,0.2,1.05,NA,NA,NA,NA,28.21,56.06,1.22,214.42,NA,0,NA,714.72,NA
25-04-2020 00:00,22.75,56.45,0.75,5.73,3.65,5.14,1.36,0.54,32.16,0.2,1.07,NA,NA,NA,NA,26.63,64.8,1.53,219.48,NA,0,NA,715.04,NA
26-04-2020 00:00,15.64,39.47,0.53,3.68,2.35,4.47,1.38,0.47,31.48,0.19,1.04,NA,NA,NA,NA,27.26,58.84,1.48,158.96,NA,0,NA,715.79,NA
27-04-2020 00:00,19.34,53.11,0.51,4.62,2.84,3.9,1.35,0.57,33.96,0.1,0.92,NA,NA,NA,NA,27.71,59.31,1.25,197.23,NA,0,NA,716.5,NA
28-04-2020 00:00,17.83,49.41,0.38,3.69,2.25,3.97,1.39,0.46,32.12,0.1,0.89,NA,NA,NA,NA,27.99,58.85,1.33,152.16,NA,0,NA,715.35,NA
29-04-2020 00:00,13.86,36.93,1.29,6.77,4.64,3.78,1.31,0.58,33.42,0.19,0.95,NA,NA,NA,NA,24.34,73.78,1.18,207.72,NA,0,NA,716.36,NA
30-04-2020 00:00,24.14,65.38,3.61,8.09,7.24,3.82,1.35,0.69,34.88,0.14,0.92,NA,NA,NA,NA,27.46,58.53,0.88,174.68,NA,0,NA,716.07,NA
01-05-2020 00:00,23.11,56.85,0.51,4.65,2.88,4.35,1.33,0.51,36.42,0.14,0.91,NA,NA,NA,NA,28.1,57.12,1.14,186.1,NA,0,NA,715.45,NA
02-05-2020 00:00,19.03,45.74,0.46,5,3.04,4.1,1.3,0.54,32.68,0.14,0.9,NA,NA,NA,NA,27.95,57.51,1.34,196.05,NA,0,NA,714.49,NA
03-05-2020 00:00,24.54,54.45,0.46,4.57,2.8,4.05,1.41,0.55,37.47,0.13,0.89,NA,NA,NA,NA,28.67,53.64,0.94,167.89,NA,0,NA,714.41,NA
04-05-2020 00:00,27.24,73.74,0.54,5.94,3.6,4.02,1.44,0.62,36.37,0.12,0.88,NA,NA,NA,NA,29.47,47.21,1.26,164.59,NA,0,NA,715.41,NA
05-05-2020 00:00,30.62,83.16,1.04,5.37,3.69,4.01,1.45,0.61,41.08,0.12,0.88,NA,NA,NA,NA,29.59,47.29,1.23,170.51,NA,0,NA,714.81,NA
06-05-2020 00:00,20.98,61.01,0.48,5.41,3.28,3.81,1.42,0.61,32.1,0.13,0.89,NA,NA,NA,NA,28.37,54.71,1.46,188.57,NA,0,NA,714.69,NA
07-05-2020 00:00,26.54,68.04,0.73,5.68,3.61,3.75,1.42,0.65,37.18,0.19,1.03,NA,NA,NA,NA,28.22,56.93,1.19,171.57,NA,0,NA,714.79,NA
08-05-2020 00:00,19.07,49.82,1.52,5.68,4.25,3.44,1.36,0.62,41.78,0.2,1.06,NA,NA,NA,NA,27.76,61.65,1.19,183.98,NA,0,NA,714.92,NA
09-05-2020 00:00,21.59,54.33,1.02,3.77,2.83,3.61,1.44,0.49,32.43,0.2,1.01,NA,NA,NA,NA,29.38,53.23,1.3,113.65,NA,0,NA,714.65,NA
10-05-2020 00:00,18.77,49.1,0.41,3.09,1.97,3.42,1.48,0.42,36.78,0.2,1.02,NA,NA,NA,NA,29.19,49.96,1.5,118.79,NA,0,NA,714.64,NA
11-05-2020 00:00,15.89,47.97,0.36,3.42,2.1,3.95,1.5,0.42,24.01,0.2,1.04,NA,NA,NA,NA,28.69,50.2,1.37,99.86,NA,0,NA,714.86,NA
12-05-2020 00:00,9.99,35.98,0.35,2.68,1.71,3.04,1.69,0.44,17.98,0.2,1.16,NA,NA,NA,NA,28.22,53.47,1.47,94.39,NA,0,NA,714.26,NA
13-05-2020 00:00,13.98,42.72,1.16,4.83,3.44,4.59,1.92,0.56,25.55,0.19,1.23,NA,NA,NA,NA,28.16,54.48,1.28,144.15,NA,0,NA,713.82,NA
14-05-2020 00:00,23.38,52.76,0.84,7.68,4.66,7.44,1.88,0.56,27.46,0.1,1.22,NA,NA,NA,NA,29.07,53.15,1.35,145.77,NA,0,NA,712.98,NA
15-05-2020 00:00,14.67,45.43,4.26,8.22,7.49,5.1,2.33,0.53,26.87,0.2,0.84,NA,NA,NA,NA,29.22,52.03,1.1,130.97,NA,0,NA,712.2,NA
16-05-2020 00:00,25.26,68.27,3.12,9.54,7.61,3.87,2.08,0.94,27.89,0.22,0.89,NA,NA,NA,NA,28.63,54.44,1.21,206.58,NA,0,NA,712.14,NA
17-05-2020 00:00,19.71,50.94,0.85,6.43,4.12,3.94,2.01,0.76,27.79,0.3,1.03,NA,NA,NA,NA,28.72,56.27,1.44,227.65,NA,0,NA,711.19,NA
18-05-2020 00:00,16.44,53.48,1.5,9.31,6.17,4.14,1.72,0.79,25.21,0.3,1.06,NA,NA,NA,NA,26.08,69.52,2.27,251.43,NA,0,NA,710.53,NA
19-05-2020 00:00,17.74,85,2.79,9.1,7.1,3.81,1.87,0.72,30.87,0.2,0.85,NA,NA,NA,NA,27.16,63.74,2.59,251.31,NA,0,NA,710.27,NA
20-05-2020 00:00,17.58,83.25,3.16,9.25,7.48,3.71,1.97,0.63,37.43,0.2,0.85,NA,NA,NA,NA,27.17,60.78,2.31,239.99,NA,0,NA,711.01,NA
21-05-2020 00:00,22.18,81.35,2.72,9.22,7.12,3.55,2.14,0.66,35.69,0.15,0.94,NA,NA,NA,NA,27.8,59.28,1.99,229.19,NA,0,NA,712.3,NA
22-05-2020 00:00,17.35,60.91,1.73,9.47,6.45,3.62,2.25,0.64,35.4,0.2,1.16,NA,NA,NA,NA,27.9,58.28,1.89,237.5,NA,0,NA,712.83,NA
23-05-2020 00:00,21.48,73.49,1.13,10.47,6.49,3.5,1.85,0.7,37.68,0.2,1.15,NA,NA,NA,NA,28.64,55.05,1.75,228.04,NA,0,NA,713.08,NA
24-05-2020 00:00,17.89,50.3,1.19,6.19,4.26,3.63,1.25,0.44,36.22,0.25,0.97,NA,NA,NA,NA,26.26,70.03,1.76,221.92,NA,0,NA,714.03,NA
25-05-2020 00:00,23.42,66.36,2.86,12.11,8.77,4.32,1.5,0.78,44.45,0.3,0.78,NA,NA,NA,NA,26.8,65.89,1.45,217.77,NA,0,NA,714.73,NA
26-05-2020 00:00,18.46,51.02,2.54,10.32,7.55,4.53,1.52,0.53,46.93,0.33,0.81,NA,NA,NA,NA,26.01,69.37,1.72,216.5,NA,0,NA,714.97,NA
27-05-2020 00:00,18.61,48.73,3.72,13.4,10.14,5.8,2.39,0.87,39.22,0.39,0.87,NA,NA,NA,NA,25.52,74.2,1.49,220.7,NA,0,NA,714.33,NA
28-05-2020 00:00,17.22,57.13,3.94,12.37,9.79,6.02,1.91,0.72,33.48,0.4,0.99,NA,NA,NA,NA,25.93,69.69,1.7,227.03,NA,0,NA,713.39,NA
29-05-2020 00:00,18.29,52.54,2.81,11.92,9,5.89,2.06,0.7,17.89,0.4,1.07,NA,NA,NA,NA,25.68,70.55,1.59,218.38,NA,0,NA,713.66,NA
30-05-2020 00:00,15.78,45.74,2.84,11.26,9.43,5.64,2.22,0.65,26.17,0.4,1.07,NA,NA,NA,NA,25.89,69.33,1.17,180.2,NA,0,NA,714.03,NA
31-05-2020 00:00,21.26,52.48,1.38,5.38,3.99,5.8,2.6,0.47,24.41,0.4,1.02,NA,NA,NA,NA,27.1,66.78,1.35,156.51,NA,0,NA,714.38,NA
01-06-2020 00:00,8.46,32.23,2.91,6.46,5.8,5.03,4.8,0.47,25.97,0.44,0.98,NA,NA,NA,NA,26.09,70.67,1.76,211.16,NA,0,NA,715.06,NA
02-06-2020 00:00,6.7,34.03,4.01,6.88,6.91,4.82,4.56,0.43,24.18,0.6,1.29,NA,NA,NA,NA,25.25,71.97,1.93,205.36,NA,0,NA,714.5,NA
03-06-2020 00:00,5.89,34.56,4.33,7.03,7.25,4.61,4.51,0.4,15.77,0.74,1.53,NA,NA,NA,NA,25.22,71,2.33,210.3,NA,0,NA,713.95,NA
04-06-2020 00:00,8.81,46,5.83,8.76,9.4,4.63,4.49,0.58,21.24,0.81,1.66,NA,NA,NA,NA,26,69.51,2.2,226.19,NA,0,NA,714.18,NA
05-06-2020 00:00,10.89,52.12,4.71,8.7,8.45,4.52,4.45,0.56,20.48,0.83,1.69,NA,NA,NA,NA,26.36,65.86,2.14,231,NA,0,NA,714.26,NA
06-06-2020 00:00,12.03,52.02,5.1,8.62,8.73,4.71,4.43,0.57,20.85,0.82,1.68,NA,NA,NA,NA,25.37,72.05,1.91,229.55,NA,0,NA,714.05,NA
07-06-2020 00:00,13.39,49.89,5.13,8.38,8.62,4.69,4.38,0.53,13.51,0.84,1.73,NA,NA,NA,NA,25.25,71.54,2.02,235.6,NA,0,NA,713.7,NA
08-06-2020 00:00,16.08,66.2,8.06,11.23,12.53,4.7,4.51,0.83,19.3,0.88,1.8,NA,NA,NA,NA,26.67,62.65,2.15,245.94,NA,0,NA,713.21,NA
09-06-2020 00:00,16.43,71.78,8.59,11.3,12.99,5.41,4.42,0.67,24.96,0.87,1.79,NA,NA,NA,NA,26.31,66.49,2.14,243.94,NA,0,NA,713,NA
10-06-2020 00:00,12.78,55.82,8.01,9.31,11.47,5.16,4.66,0.7,23.2,0.86,1.76,NA,NA,NA,NA,25.39,71.15,2.21,240.53,NA,0,NA,712.05,NA
11-06-2020 00:00,10.39,43.84,8.75,9.5,12.16,5.2,4.44,0.72,13.65,0.91,1.87,NA,NA,NA,NA,24.61,73.75,2.52,254.64,NA,0,NA,710.89,NA
12-06-2020 00:00,14.76,58.89,7.96,9.29,11.41,4.6,4.09,0.77,19.1,0.88,1.79,NA,NA,NA,NA,24.32,68.93,2.94,243.53,NA,0,NA,710.32,NA
13-06-2020 00:00,10.11,52.24,5.63,8.42,9.06,8.98,4.02,0.56,19.45,0.81,1.66,NA,NA,NA,NA,24.29,75.71,2.31,225.9,NA,0,NA,710.73,NA
14-06-2020 00:00,8.15,47.84,3.9,6.36,6.55,11.62,4.1,0.47,15.28,0.85,1.75,NA,NA,NA,NA,25.1,73.27,2.93,239.49,NA,0,NA,712.05,NA
15-06-2020 00:00,11.52,51.56,5.34,7.68,8.42,11.63,4.2,0.58,22.2,0.81,1.69,NA,NA,NA,NA,25.42,70.32,2.68,231.04,NA,0,NA,712.06,NA
16-06-2020 00:00,12.15,49.06,3.97,6.65,6.76,12,4.13,0.5,25.91,0.8,1.64,NA,NA,NA,NA,25.24,72.85,2.5,223.61,NA,0,NA,711.3,NA
17-06-2020 00:00,13,93.53,5.6,9.83,9.78,6.11,3.38,0.59,14.4,0.79,1.68,NA,NA,NA,NA,24.03,78.45,2.43,221.11,NA,0,NA,712.74,NA
18-06-2020 00:00,12.99,58.71,6.32,16.26,14,7.51,2.26,0.64,14,0.71,1.47,NA,NA,NA,NA,23.93,75.39,2.43,232.73,NA,0,NA,713.48,NA
19-06-2020 00:00,14.52,65.06,5.91,16.74,14.79,7.54,4.46,0.67,17.29,0.74,1.5,NA,NA,NA,NA,25.33,70.17,2.47,240.17,NA,0,NA,713.9,NA
20-06-2020 00:00,15.16,62.03,6.9,17.96,16.13,7.47,4,0.74,15.62,0.76,1.54,NA,NA,NA,NA,25.86,66.65,2.45,246.59,NA,0,NA,713.64,NA
21-06-2020 00:00,10.04,39.96,NA,14.79,11.14,7.55,NA,0.46,15.76,0.75,1.52,NA,NA,NA,NA,24.7,71.7,2.36,243.2,NA,0,NA,712.82,NA
22-06-2020 00:00,11.17,53.6,NA,17.55,16.5,7.48,NA,0.82,14.87,0.77,1.54,NA,NA,NA,NA,24.53,71.07,2.38,246.66,NA,0,NA,711.71,NA
23-06-2020 00:00,15.18,62.73,NA,18.14,14.74,7.55,NA,0.65,24.73,0.76,1.54,NA,NA,NA,NA,26.12,64.01,2.14,244.82,NA,0,NA,712.58,NA
24-06-2020 00:00,15,45.78,9.84,18.49,15.79,8.56,5.18,0.54,29.64,0.69,1.38,NA,NA,NA,NA,22.82,76.58,1.68,221.19,NA,0,NA,713.14,NA
25-06-2020 00:00,12.69,37.04,4.89,20.78,15.33,7.7,4.3,0.8,29.02,0.63,1.28,NA,NA,NA,NA,21.12,75.54,1.38,203.96,NA,0,NA,711.57,NA
26-06-2020 00:00,10.09,16.57,6.3,18.46,14.82,7.51,NA,0.9,27.14,0.69,1.43,NA,NA,NA,NA,19.28,86.82,1.32,227.66,NA,0,NA,711.63,NA
27-06-2020 00:00,NA,NA,NA,NA,NA,NA,NA,NA,NA,NA,NA,NA,NA,NA,NA,NA,NA,NA,NA,NA,0,NA,NA,NA
28-06-2020 00:00,NA,NA,NA,NA,NA,NA,NA,NA,NA,NA,NA,NA,NA,NA,NA,NA,NA,NA,NA,NA,0,NA,NA,NA
29-06-2020 00:00,8.36,61.47,NA,16.84,12.08,9.55,NA,0.62,41.47,0.66,1.34,NA,NA,NA,NA,25.6,72.46,1.74,213.32,NA,0,NA,710.68,NA
30-06-2020 00:00,13.67,74.33,NA,18.99,16.47,10.57,NA,0.9,37.62,0.72,1.46,NA,NA,NA,NA,27.14,62.92,1.79,231.19,NA,0,NA,710.78,NA
01-07-2020 00:00,14.42,60.65,NA,15.53,13.22,9.5,NA,0.4,32.89,0.7,1.45,NA,NA,NA,NA,25.31,69.18,2.28,231.4,NA,0,NA,711.79,NA
02-07-2020 00:00,7.93,37.74,NA,15.18,15.54,8.64,NA,0.49,29.88,0.73,1.47,NA,NA,NA,NA,23.43,79.17,1.95,234.28,NA,0,NA,711.69,NA
03-07-2020 00:00,7.5,37.75,NA,15.87,14.86,7.79,NA,0.42,35.28,0.74,1.51,NA,NA,NA,NA,23.31,78.96,2.33,240.89,NA,0,NA,711.59,NA
04-07-2020 00:00,8.18,46.79,NA,15.76,13.57,7.43,NA,0.44,27.45,0.73,1.48,NA,NA,NA,NA,23.88,75.41,2.44,235.38,NA,0,NA,711.01,NA
05-07-2020 00:00,8.56,28.48,NA,11.9,7.24,7.28,NA,0.26,32.92,0.68,1.38,NA,NA,NA,NA,23.76,78.72,2.08,219.51,NA,0,NA,710.76,NA
06-07-2020 00:00,15.09,46,NA,14.75,12.51,7.68,NA,0.49,29.5,0.59,1.33,NA,NA,NA,NA,23.68,76.27,2.29,234.04,NA,0,NA,711.04,NA
07-07-2020 00:00,11.59,40.14,NA,14.6,11.97,8.24,NA,0.59,31.03,0.49,1.19,NA,NA,NA,NA,24.24,74.48,2.4,227.89,NA,0,NA,712.84,NA
08-07-2020 00:00,12.53,37.89,NA,14.65,13.25,8.34,NA,1.22,32.13,0.5,1.2,NA,NA,NA,NA,24.13,75.8,2.17,231.14,NA,0,NA,713.66,NA
09-07-2020 00:00,14.03,44.18,NA,15.41,14.45,8.14,NA,0.89,26.37,0.51,1.24,NA,NA,NA,NA,24.51,75.78,1.85,237.1,NA,0,NA,712.71,NA
10-07-2020 00:00,16.81,44.56,NA,15.54,14.13,8.36,NA,0.71,28.22,0.49,1.18,NA,NA,NA,NA,23.76,78.8,1.78,226.35,NA,0,NA,713.29,NA
11-07-2020 00:00,17.38,50,NA,16.05,13.87,8.05,NA,0.55,35.16,0.49,1.2,NA,NA,NA,NA,25.3,69.54,1.87,229.61,NA,0,NA,712.72,NA
12-07-2020 00:00,9.07,19.59,NA,12.6,7.89,7.77,NA,0.33,31.82,0.51,1.15,NA,NA,NA,NA,25.47,67.96,2.04,233.41,NA,0,NA,712.47,NA
13-07-2020 00:00,19.2,51.23,NA,17.39,15.26,7.71,NA,0.83,33.31,0.52,1.13,NA,NA,NA,NA,25.53,69.26,1.8,240.42,NA,0,NA,711.7,NA
14-07-2020 00:00,17.45,57.08,NA,17.19,19.3,7.75,NA,0.84,27.75,0.54,1.17,NA,NA,NA,NA,24.66,72.13,1.91,248.77,NA,0,NA,711.59,NA
15-07-2020 00:00,12.7,23.65,NA,12.85,8.91,7.88,NA,0.53,27.55,0.48,1.07,NA,NA,NA,NA,22.97,80.86,1.87,224.72,NA,0,NA,711.16,NA
16-07-2020 00:00,9.35,23.04,NA,12.59,8.97,7.83,NA,0.49,25.32,0.49,1.07,NA,NA,NA,NA,22.58,83.75,1.91,224.62,NA,0,NA,710.45,NA
17-07-2020 00:00,9.95,31.8,NA,12.81,8.6,7.52,NA,0.5,26.76,0.5,1.08,NA,NA,NA,NA,23.11,79.23,2.21,229.1,NA,0,NA,711.1,NA
18-07-2020 00:00,10.56,39.41,NA,12.92,8.98,7.56,NA,0.5,26.83,0.48,1.05,NA,NA,NA,NA,24.05,76.32,1.62,222.32,NA,0,NA,712.07,NA
19-07-2020 00:00,11.59,32.14,NA,12.52,8.08,7.51,NA,0.49,22.23,0.46,0.99,NA,NA,NA,NA,25.25,74.39,1.23,209.14,NA,0,NA,712.41,NA
20-07-2020 00:00,12.08,29.65,NA,12.72,8.27,7.68,NA,1.01,32.1,0.38,0.83,NA,NA,NA,NA,24.77,77.9,1.36,187.72,NA,0,NA,714.06,NA
21-07-2020 00:00,9.18,31.08,NA,13.13,8.86,7.64,NA,0.36,30.28,0.34,0.79,NA,NA,NA,NA,25.31,68.75,1.49,188.04,NA,0,NA,712.39,NA
22-07-2020 00:00,24.02,56.3,NA,13.59,8.05,8.18,NA,0.36,31.07,0.25,0.56,NA,NA,NA,NA,26.92,66.12,1.32,132.2,NA,0,NA,712.62,NA
23-07-2020 00:00,18.58,54.61,NA,14.7,9.68,8.04,NA,0.49,35.4,0.33,0.79,NA,NA,NA,NA,25.88,71.23,1.29,188.28,NA,0,NA,712.24,NA
24-07-2020 00:00,14.46,48.46,NA,14.54,11.66,8.08,NA,0.49,31.07,0.37,0.86,NA,NA,NA,NA,24.32,75.91,1.56,204.94,NA,0,NA,713.01,NA
25-07-2020 00:00,11.83,52.82,NA,15.65,13.85,7.91,NA,0.63,38.92,0.4,0.99,NA,NA,NA,NA,24.51,71.69,2.03,235.68,NA,0,NA,714.19,NA
26-07-2020 00:00,12.5,66.82,NA,12.68,8.19,8.11,NA,0.46,28.36,0.42,1.02,NA,NA,NA,NA,23.84,71.34,2.05,244,NA,0,NA,715.45,NA
27-07-2020 00:00,17.67,58.19,NA,16.35,14.12,8.42,NA,0.37,29.39,0.42,1.04,NA,NA,NA,NA,24.82,70.5,1.94,247.31,NA,0,NA,714.64,NA
28-07-2020 00:00,18.03,54.35,NA,16.4,15.12,8.74,NA,0.51,34.45,0.43,1.01,NA,NA,NA,NA,25.22,70.74,1.56,241.65,NA,0,NA,712.71,NA
29-07-2020 00:00,14.97,42.35,NA,15.71,15.28,8.76,NA,0.59,39.41,0.39,0.92,NA,NA,NA,NA,23.78,81.17,1.47,219.3,NA,0,NA,711.42,NA
30-07-2020 00:00,12.85,49.31,NA,17.09,14.58,8.04,NA,0.47,35.45,0.4,0.99,NA,NA,NA,NA,24.66,74.64,1.77,234.2,NA,0,NA,711.79,NA
31-07-2020 00:00,17.19,45.88,NA,14.39,11.74,7.27,NA,0.5,32.87,0.4,0.93,NA,NA,NA,NA,24.91,75.14,1.9,221.57,NA,0,NA,711.47,NA
01-08-2020 00:00,16.38,39.76,NA,14.59,12.75,7.69,NA,0.62,33.56,0.4,0.98,NA,NA,NA,NA,23.66,78.71,2.04,234.35,NA,0,NA,712.1,NA
02-08-2020 00:00,13.2,32.35,NA,13.61,9.59,7.44,NA,0.52,36.44,0.4,0.99,NA,NA,NA,NA,23.81,76.2,2.5,235.51,NA,0,NA,712.05,NA
03-08-2020 00:00,15.69,43.45,NA,14.74,13.58,7.34,NA,0.5,43.35,0.4,1,NA,NA,NA,NA,23.31,78.03,2.44,237.56,NA,0,NA,710.89,NA
04-08-2020 00:00,18.03,44.74,NA,14.75,14.72,7.32,NA,0.37,26.63,0.21,0.62,NA,NA,NA,NA,22.76,77.78,2.95,243.76,NA,0,NA,709.31,NA
05-08-2020 00:00,17.75,50.3,NA,14.8,13.35,7.74,NA,0.41,25.09,0.2,0.6,NA,NA,NA,NA,22.63,78.2,2.82,232.59,NA,0,NA,707.59,NA
06-08-2020 00:00,18.29,65.97,NA,14.57,13.19,7.83,NA,0.46,32.59,0.2,0.6,NA,NA,NA,NA,24.27,75.38,2.56,230.62,NA,0,NA,709.07,NA
07-08-2020 00:00,19.28,83.77,NA,15.05,14.68,7.38,NA,0.46,35.73,0.2,0.6,NA,NA,NA,NA,24.29,75.75,2.49,236.33,NA,0,NA,712,NA
08-08-2020 00:00,19.9,73.91,NA,15.18,14.67,7.07,NA,0.38,36.52,0.2,0.61,NA,NA,NA,NA,23.9,76.64,2.43,242.72,NA,0,NA,712.98,NA
09-08-2020 00:00,17.5,44.88,NA,14.08,11.01,7.13,NA,0.4,30.18,0.2,0.61,NA,NA,NA,NA,22.56,80.93,2.34,240.64,NA,0,NA,712.27,NA
10-08-2020 00:00,20.64,70.7,NA,16.81,14.92,7.52,NA,0.55,26.24,0.2,0.6,NA,NA,NA,NA,22.62,77.68,2.47,240.66,NA,0,NA,712.64,NA
11-08-2020 00:00,21.99,78.95,NA,16.41,14.87,7.72,NA,0.81,32.53,0.2,0.6,NA,NA,NA,NA,23.64,76.91,2.08,236.57,NA,0,NA,713.47,NA
12-08-2020 00:00,22.22,72.58,NA,15.97,14.56,7.3,NA,0.34,31.18,0.21,0.63,NA,NA,NA,NA,23.91,73.67,2.65,243.15,NA,0,NA,714.44,NA
13-08-2020 00:00,24.79,85.48,NA,16.27,15.41,7.01,NA,0.36,30.74,0.32,0.9,NA,NA,NA,NA,24.57,70.35,2.63,247.25,NA,0,NA,712.92,NA
14-08-2020 00:00,26.47,71.45,NA,15.65,15.47,7.07,NA,0.45,30.05,0.31,0.88,NA,NA,NA,NA,23.35,74.16,2.28,239.22,NA,0,NA,711.7,NA
15-08-2020 00:00,24.12,60.61,NA,14.61,12.44,7,NA,0.49,24.94,0.3,0.87,NA,NA,NA,NA,23.12,73.98,2.38,235.34,NA,0,NA,712.08,NA
16-08-2020 00:00,23.14,59.19,NA,14.04,11.6,7.06,NA,0.35,25.55,0.3,0.87,NA,NA,NA,NA,22.24,78.32,2.23,235.07,NA,0,NA,712.75,NA
17-08-2020 00:00,22.27,44.96,NA,14.69,14.44,7.04,NA,0.66,30.66,0.3,0.84,NA,NA,NA,NA,22.55,81.64,1.98,228.75,NA,0,NA,712.48,NA
18-08-2020 00:00,23.74,61.92,NA,13.82,15.93,7.18,NA,0.69,26.15,0.31,0.93,NA,NA,NA,NA,23.08,78.22,2.14,238.96,NA,0,NA,713.03,NA
19-08-2020 00:00,22.46,68.58,NA,15.08,16.21,7.43,NA,0.56,31.01,0.2,0.79,NA,NA,NA,NA,23.82,74.78,2.13,242.76,NA,0,NA,712.07,NA
20-08-2020 00:00,23.74,67.32,NA,15.23,16.98,7.07,NA,0.58,30.17,0.2,0.77,NA,NA,NA,NA,23.53,75.56,2.14,236.9,NA,0,NA,711.99,NA
21-08-2020 00:00,22.12,57.15,NA,14.82,14.48,6.93,NA,0.55,29.86,0.17,0.7,NA,NA,NA,NA,24.41,74.01,2.02,222.35,NA,0,NA,713.77,NA
22-08-2020 00:00,21.43,50.8,9.45,14.26,12.33,6.85,NA,0.51,24.87,0.17,0.72,NA,NA,NA,NA,25.07,73.55,1.68,226.12,NA,0,NA,714.49,NA
23-08-2020 00:00,17.39,44,4.2,13.88,12.18,6.91,NA,0.55,26.11,0.2,0.8,NA,NA,NA,NA,25.04,72.41,1.75,237.03,NA,0,NA,714.3,NA
24-08-2020 00:00,26.24,60.15,8.3,15.48,15.68,7.12,NA,0.61,34.45,0.18,0.84,NA,NA,NA,NA,25,72.16,1.51,228.9,NA,0,NA,714.66,NA
25-08-2020 00:00,29.85,79.38,8.45,17.4,23.27,7.2,NA,0.73,33.36,0.17,0.79,NA,NA,NA,NA,25.89,63.15,1.39,216.85,NA,0,NA,715.29,NA
26-08-2020 00:00,29.06,80.49,9.45,17.45,21.4,7.52,NA,0.77,36.74,0.18,0.88,NA,NA,NA,NA,26.38,64.3,1.33,240.14,NA,0,NA,715.06,NA
27-08-2020 00:00,32.17,89.08,NA,18.06,24.92,7.35,NA,0.78,42.44,0.18,0.9,NA,NA,NA,NA,26.29,59.52,1.49,244.82,NA,0,NA,713.89,NA
28-08-2020 00:00,30.51,88.23,10.05,17.56,21.81,7.4,NA,0.73,33.58,0.18,0.85,NA,NA,NA,NA,25.98,60.59,1.6,231.76,NA,0,NA,713.24,NA
29-08-2020 00:00,26.19,67.35,7.45,17.07,14.68,7.36,NA,0.57,35.83,0.17,0.85,NA,NA,NA,NA,26.51,60.82,1.88,230.93,NA,0,NA,713.21,NA
30-08-2020 00:00,21.36,54.96,5.5,14.75,12.65,7.28,NA,0.54,26.41,0.18,0.86,NA,NA,NA,NA,25.33,68.1,1.9,235.54,NA,0,NA,714.32,NA
31-08-2020 00:00,22.25,59.02,NA,17.59,17.21,7.21,NA,0.69,36.03,0.15,0.77,NA,NA,NA,NA,25.61,71.23,1.4,210.67,NA,0,NA,714.44,NA
01-09-2020 00:00,24.73,58.98,5.3,17.79,19.96,7.4,NA,0.66,32.76,0.14,0.69,NA,NA,NA,NA,24.36,77.29,1.14,187.53,NA,0,NA,714.49,NA
02-09-2020 00:00,25.23,51.02,10.25,16.79,14.19,7.58,NA,0.56,29.29,0.14,0.71,NA,NA,NA,NA,23.7,80.57,1.04,194,NA,0,NA,713.38,NA
03-09-2020 00:00,21.36,37.49,10.2,15.27,11.54,7.4,NA,0.4,31.72,0.09,0.45,NA,NA,NA,NA,24.29,77.01,1.01,124.19,NA,0,NA,713.19,NA
04-09-2020 00:00,21.08,38.76,1.2,12.66,7.31,7.09,NA,0.34,34.83,0.09,0.34,NA,NA,NA,NA,25.74,72.6,1.3,93.76,NA,0,NA,713.11,NA
05-09-2020 00:00,37.73,62.48,0.7,14.9,9.07,7.41,NA,0.46,38.87,0.1,0.42,NA,NA,NA,NA,25.79,73.81,1.16,114,NA,0,NA,712.19,NA
06-09-2020 00:00,32.38,52.65,0.5,12.86,7.36,7.13,NA,0.41,32.62,0.1,0.43,NA,NA,NA,NA,26.23,72.59,1.43,118,NA,0,NA,712.17,NA
07-09-2020 00:00,15.19,41.97,5.7,15.16,12.18,6.52,NA,0.48,32.68,0.16,0.79,NA,NA,NA,NA,25.12,70.94,2.18,214.56,NA,0,NA,712.92,NA
08-09-2020 00:00,17.18,39.66,NA,15.69,13.77,6.82,NA,0.54,31.07,0.17,0.8,NA,NA,NA,NA,25.53,72.3,1.6,217.54,NA,0,NA,713.16,NA
09-09-2020 00:00,19.2,42.5,8.05,16.42,12.97,6.92,NA,0.51,26.53,0.16,0.78,NA,NA,NA,NA,24.78,76.91,1.57,212.69,NA,0,NA,712.61,NA
10-09-2020 00:00,16.06,43.44,3.5,16.26,13.15,6.97,NA,0.49,27.02,0.18,0.83,NA,NA,NA,NA,23.7,77,2.33,225.96,NA,0,NA,711.52,NA
11-09-2020 00:00,18.1,49.59,4.8,15.23,13.48,7.01,NA,0.49,28.61,0.18,0.82,NA,NA,NA,NA,22.82,77.52,2.5,223.77,NA,0,NA,711.84,NA
12-09-2020 00:00,17.02,37.15,11.66,15.36,15.76,7.31,3.5,0.52,27.71,0.19,0.85,NA,NA,NA,NA,21.98,84.69,2.2,231.41,NA,0,NA,714.03,NA
13-09-2020 00:00,16.28,37.98,11.61,16.09,18,7.85,2.03,0.62,25.04,0.2,0.9,NA,NA,NA,NA,22.04,84.17,2.1,246.75,NA,0,NA,714.02,NA
14-09-2020 00:00,21.1,60.52,13.5,16.51,19.75,7.56,1.44,0.61,22.45,0.2,0.95,NA,NA,NA,NA,23.5,78.56,2.23,257.98,NA,0,NA,712.85,NA
15-09-2020 00:00,23.48,75.83,11.51,16.64,18.2,7.43,2.09,0.67,32.07,0.2,0.89,NA,NA,NA,NA,23.6,76.78,2.08,240.88,NA,0,NA,712.72,NA
16-09-2020 00:00,20.64,63.34,9.18,15.8,15.87,7.44,2.4,0.6,30.38,0.1,0.78,NA,NA,NA,NA,23.68,76.11,2.45,244.32,NA,0,NA,712.98,NA
17-09-2020 00:00,22.56,65.03,8.21,16.54,15.47,7.42,3.14,0.58,30.71,0.1,0.77,NA,NA,NA,NA,24.68,73.93,2.13,237.33,NA,0,NA,713.36,NA
18-09-2020 00:00,14.85,57.93,11.84,14.73,17.46,7.46,2.56,0.65,27.96,0.1,0.79,NA,NA,NA,NA,24.34,74.88,2.63,248.25,NA,0,NA,712.54,NA
19-09-2020 00:00,19.96,50.15,8.52,15.23,15.03,7.71,2.21,0.44,33.17,0.1,0.75,NA,NA,NA,NA,22.87,78.87,2.52,232.32,NA,0,NA,710.38,NA
20-09-2020 00:00,12.37,23.57,6.62,14.26,12.96,7.66,2.19,0.41,23.66,0.1,0.77,NA,NA,NA,NA,20.92,86.07,2.58,237.62,NA,0,NA,710.48,NA
21-09-2020 00:00,17.92,45.41,8.14,14.58,14.36,7.68,1.77,0.5,27.62,0.1,0.75,NA,NA,NA,NA,22.7,77.3,2.92,234.22,NA,0,NA,710.15,NA
22-09-2020 00:00,20.64,49.58,7.08,15.23,13.86,7.63,1.51,0.47,30.2,0.1,0.71,NA,NA,NA,NA,22.27,78.47,2.49,225.19,NA,0,NA,711.41,NA
23-09-2020 00:00,25.94,83.6,10.73,17.17,17.87,7.49,2.42,0.64,33.66,0.1,0.74,NA,NA,NA,NA,23.3,71.92,2.26,231.11,NA,0,NA,713.41,NA
24-09-2020 00:00,26,71.82,9.44,16.83,16.64,7.55,1.87,0.58,30.05,0.1,0.72,NA,NA,NA,NA,24.01,73.22,1.72,225.73,NA,0,NA,715.02,NA
25-09-2020 00:00,24.09,60.46,6.92,16.13,14.22,7.38,2.27,0.54,35.01,0.1,0.7,NA,NA,NA,NA,25.37,70.29,1.96,222.31,NA,0,NA,714.37,NA
26-09-2020 00:00,26.24,66.9,16.72,17.04,22.66,7.76,2.27,0.68,34.84,0.1,0.79,NA,NA,NA,NA,23.42,76.81,1.72,250.34,NA,0,NA,714.66,NA
27-09-2020 00:00,25.16,70.11,17.14,17.19,23.08,7.81,2.82,0.77,31.46,0.1,0.72,NA,NA,NA,NA,23.92,72.73,1.48,225.87,NA,0,NA,715.13,NA
28-09-2020 00:00,32.87,67.58,13.91,17.27,20.49,7.94,2.4,0.77,33.94,0.1,0.69,NA,NA,NA,NA,24.52,75.69,1.17,219.76,NA,0,NA,714.18,NA
29-09-2020 00:00,29.96,65,13.97,18.21,21.05,8.15,2.58,0.68,27.54,0.1,0.74,NA,NA,NA,NA,23.28,80.35,1.44,234.1,NA,0,NA,713.88,NA
30-09-2020 00:00,28.25,67.32,17.64,19.68,24.8,7.8,3.15,0.75,33.75,0.1,0.78,NA,NA,NA,NA,23.32,77.3,1.57,244.83,NA,0,NA,713.13,NA
01-10-2020 00:00,31.88,91.64,23.91,20.42,30.29,7.54,4.94,0.94,34.91,0.09,0.79,NA,NA,NA,NA,23.95,68.58,1.79,246.82,NA,0,NA,713.47,NA
02-10-2020 00:00,33.69,81.63,9.78,21.01,19.12,7.72,4.39,0.73,29,0.1,0.79,NA,NA,NA,NA,25.63,67.35,1.5,248.47,NA,0,NA,713.26,NA
03-10-2020 00:00,16.59,51.67,8.13,18.65,16.53,7.58,4.55,0.56,35.98,0.16,0.79,NA,NA,NA,NA,24.13,75.71,1.82,229.56,NA,0,NA,714.05,NA
04-10-2020 00:00,9.18,42.2,9.81,16.4,16.7,7.55,3.4,0.59,35.39,0.2,0.89,NA,NA,NA,NA,22.85,76.08,2.15,244.83,NA,0,NA,715.43,NA
05-10-2020 00:00,18.04,65.37,11.4,20.4,20.12,7.62,3.4,0.73,30.65,0.21,0.89,NA,NA,NA,NA,24.14,69.69,1.55,242.76,NA,0,NA,714.35,NA
06-10-2020 00:00,31.77,96.19,17.87,22.21,26.34,7.89,3.6,0.97,35.88,0.19,0.8,NA,NA,NA,NA,26.1,65.92,1.27,217.39,NA,0,NA,713.77,NA
07-10-2020 00:00,32.79,99.6,13.97,22.51,23.34,8.26,2.2,0.86,36.33,0.18,0.77,NA,NA,NA,NA,25.96,68.19,1.42,210.07,NA,0,NA,714.21,NA
08-10-2020 00:00,40.27,103.25,8.31,21.47,18.18,8.44,3.96,0.72,31.44,0.17,0.67,NA,NA,NA,NA,26.54,65.83,1.05,183.19,NA,0,NA,713.65,NA
09-10-2020 00:00,41.7,85.67,6.3,18.6,15,8.58,3.52,0.7,32.24,0.16,0.56,NA,NA,NA,NA,24.51,77.76,1.5,181.62,NA,0,NA,714.14,NA
10-10-2020 00:00,13.16,42.22,5.37,21.48,15.78,8.17,2.87,0.59,28.87,0.1,0.3,NA,NA,NA,NA,23.74,80.4,1.53,215.38,NA,0,NA,713.58,NA
11-10-2020 00:00,14.98,36.36,6.88,20.58,16.54,7.99,4.34,0.68,30.76,0.1,0.3,NA,NA,NA,NA,22.58,87.47,1.83,244.74,NA,0,NA,711.89,NA
12-10-2020 00:00,21,53.78,4.75,20.16,14.6,7.95,4.31,0.61,31.28,0.23,0.7,NA,NA,NA,NA,22.24,87.74,1.89,233.89,NA,0,NA,710.08,NA
13-10-2020 00:00,19.47,58.16,8.17,21.6,18.19,8.38,3.24,0.76,31.01,0.3,1.08,NA,NA,NA,NA,21.89,85.39,2.26,239.53,NA,0,NA,709.47,NA
14-10-2020 00:00,15.48,70.67,4.63,19.12,13.88,7.8,3.18,0.56,33.11,0.3,1.01,NA,NA,NA,NA,22.17,77.85,2.59,225.55,NA,0,NA,710.36,NA
15-10-2020 00:00,14.83,74.52,4.96,18.94,14.1,7.28,3.2,0.79,35.11,0.3,0.99,NA,NA,NA,NA,23.33,73.81,2.17,222.45,NA,0,NA,711.34,NA
16-10-2020 00:00,35.65,125.38,4.18,24.06,16.12,7.4,3.13,1.19,32.57,0.31,1.06,NA,NA,NA,NA,24.42,68.6,1.7,235.91,NA,0,NA,711.63,NA
17-10-2020 00:00,40.1,137.05,7.76,26.98,20.66,7.84,4.68,1.36,34.78,0.3,0.99,NA,NA,NA,NA,24.48,67.29,1.14,221.75,NA,0,NA,712.53,NA
18-10-2020 00:00,32.88,99.44,5.61,23.14,16.87,7.69,6.84,0.61,29.69,0.28,0.9,NA,NA,NA,NA,24.69,72.43,1.07,201.91,NA,0,NA,713.34,NA
19-10-2020 00:00,35.95,103.63,4.03,29.12,18.68,7.91,6.28,1.21,24.73,0.29,0.91,NA,NA,NA,NA,23.58,81.13,1.04,204.08,NA,0,NA,713.26,NA
20-10-2020 00:00,26.3,86.23,2.51,29.01,17.26,10.17,5.5,0.68,24.32,0.33,1.08,NA,NA,NA,NA,23.55,79.94,1.38,244.03,NA,0,NA,712.72,NA
21-10-2020 00:00,14.25,38.61,2.54,37.82,22.18,11.37,6.14,0.98,30.66,0.33,1.03,NA,NA,NA,NA,23.08,82.06,1.12,231.36,NA,0,NA,713.38,NA
22-10-2020 00:00,18.03,44.65,2.45,36.82,21.53,9.65,6.15,0.99,26.23,0.31,1.03,NA,NA,NA,NA,23.05,82.39,1.52,230.48,NA,0,NA,713.21,NA
23-10-2020 00:00,14.05,39.14,2.48,33.8,20,9.17,6.26,0.88,27.05,0.31,1.07,NA,NA,NA,NA,21.98,84,1.75,237.19,NA,0,NA,713.56,NA
24-10-2020 00:00,26.71,80.44,3.03,45.28,26.43,8.71,6.42,1.39,25.88,0.29,0.99,NA,NA,NA,NA,21.71,74.63,1.18,221.24,NA,0,NA,714.9,NA
25-10-2020 00:00,26.96,76.23,2.57,37.28,21.84,8.53,5.59,1,26.25,0.25,0.82,NA,NA,NA,NA,24.72,67.23,0.91,182.67,NA,0,NA,715.83,NA
26-10-2020 00:00,43.51,93.36,2.61,44.51,25.79,9.45,5.04,1.31,26.97,0.21,0.65,NA,NA,NA,NA,24.99,64.86,0.69,144.9,NA,0,NA,716.17,NA
27-10-2020 00:00,54.29,107.32,2.68,43.35,25.17,10.51,6.14,1.04,26.99,0.18,0.58,NA,NA,NA,NA,24.3,65.59,0.81,131.27,NA,0,NA,716.03,NA
28-10-2020 00:00,51.16,105.03,2.65,45.44,26.15,10.31,6.4,1.02,27.07,0.2,0.65,NA,NA,NA,NA,23.51,64.49,0.82,144.29,NA,0,NA,716.4,NA
29-10-2020 00:00,44.95,97.55,2.68,43.77,25.34,10.64,6.26,0.87,26.32,0.18,0.58,NA,NA,NA,NA,22.75,62.91,1.01,130.1,NA,0,NA,716.78,NA
30-10-2020 00:00,46.19,102.62,2.71,47.38,27.46,10.53,6.21,1.05,27.09,0.13,0.44,NA,NA,NA,NA,23.99,55.84,0.95,98.64,NA,0,NA,716.12,NA
31-10-2020 00:00,65.86,142.82,2.59,53.6,30.52,12.96,10.35,1.1,26.82,0.15,0.47,NA,NA,NA,NA,23.78,62.12,0.86,106.05,NA,0,NA,716.6,NA
01-11-2020 00:00,58.71,105.57,2.7,36.65,21.69,12.33,5.83,0.87,27.43,0.17,0.54,NA,NA,NA,NA,25.89,58.19,0.9,121.86,NA,0,NA,716.59,NA
02-11-2020 00:00,67.81,135.3,2.53,38.9,22.75,13,7.08,1.02,32.76,0.15,0.46,NA,NA,NA,NA,25.51,64.28,1.13,105.28,NA,0,NA,717.57,NA
03-11-2020 00:00,50.01,91.12,2.58,30.95,18.53,11.23,6.22,0.76,29.01,0.11,0.36,NA,NA,NA,NA,25.24,64.94,1.2,81.25,NA,0,NA,717.29,NA
04-11-2020 00:00,41.06,76.38,2.65,30.5,18.34,10.59,5.61,0.77,31.49,0.13,0.43,NA,NA,NA,NA,24.96,70.42,1.2,95.55,NA,0,NA,717.17,NA
05-11-2020 00:00,24.38,54.34,2.54,26.56,16.13,9.03,6.28,0.72,35.87,0.13,0.43,NA,NA,NA,NA,25.13,73.05,1.32,98.31,NA,0,NA,717.26,NA
06-11-2020 00:00,11.39,24.68,2.61,21.11,13.29,8.2,5.99,0.44,35.8,0.1,0.36,NA,NA,NA,NA,24.55,75.54,1.62,80.95,NA,0,NA,718.68,NA
07-11-2020 00:00,12.39,31.66,2.19,27.95,16.07,9.42,6.63,0.68,32.4,0.11,0.37,NA,NA,NA,NA,24.85,72.35,1.47,85.61,NA,0,NA,718.84,NA
08-11-2020 00:00,30.17,58.65,0.48,32.77,17.74,15.59,2.94,0.51,45.09,0.1,0.34,NA,NA,NA,NA,24.13,71.9,1.62,79.78,NA,0,NA,719.1,NA
09-11-2020 00:00,56.59,96.25,0.58,49.14,26.49,17.92,3.52,0.89,32.31,0.17,0.57,NA,NA,NA,NA,23.67,68.3,1.18,128.47,NA,0,NA,718.08,NA
10-11-2020 00:00,46.93,96.33,0.88,51.47,27.74,15.22,5.3,1.32,29.09,0.13,0.43,NA,NA,NA,NA,21.56,57.94,1.08,96.33,NA,0,NA,716.31,NA
11-11-2020 00:00,35.29,74.23,0.6,49.11,26.45,16.39,3.93,1,36.91,0.17,0.55,NA,NA,NA,NA,22.33,64.95,0.94,125.27,NA,0,NA,716.32,NA
12-11-2020 00:00,15.58,50.07,0.56,37.34,20.26,16.54,3.54,0.66,34.35,0.14,0.5,NA,NA,NA,NA,24.53,70.63,1.45,110.98,NA,0,NA,715.12,NA
13-11-2020 00:00,6.76,21.67,0.52,25.13,13.74,14.62,3.6,0.73,32.24,0.1,0.34,NA,NA,NA,NA,22.42,81.59,1.65,77.93,NA,0,NA,712.66,NA
14-11-2020 00:00,20.69,47.9,0.54,27.03,14.79,13.29,4.95,0.55,33.45,0.12,0.36,NA,NA,NA,NA,25.05,66.64,1.81,82.06,NA,0,NA,711.04,NA
15-11-2020 00:00,19.55,38.36,0.51,26.73,14.61,14.1,6.49,0.53,30.57,0.26,0.55,NA,NA,NA,NA,21.7,82.15,1.17,110.09,NA,0,NA,710.78,NA
16-11-2020 00:00,10.77,21.03,0.45,22.52,12.33,11.73,3.82,0.45,32.04,0.2,0.4,NA,NA,NA,NA,22.38,83.53,1.48,80.18,NA,0,NA,711.6,NA
17-11-2020 00:00,13.85,30.24,0.46,24.59,13.42,10.77,3.76,0.46,33.77,0.19,0.39,NA,NA,NA,NA,22.85,78.82,1.67,78.1,NA,0,NA,711.02,NA
18-11-2020 00:00,15.28,33.92,0.42,26.25,14.2,9.98,3.55,0.43,31.99,0.2,0.41,NA,NA,NA,NA,23.51,74.49,1.76,82.74,NA,0,NA,711.38,NA
19-11-2020 00:00,23.66,50.82,0.47,29.48,16.03,10.51,3.25,0.51,32.75,0.2,0.41,NA,NA,NA,NA,23.43,73.85,1.81,80.93,NA,0,NA,711.81,NA
20-11-2020 00:00,24.92,53.59,0.55,35.02,19.01,9.82,3.42,0.52,34.75,0.2,0.42,NA,NA,NA,NA,22.9,67.56,1.55,84.35,NA,0,NA,712.35,NA
21-11-2020 00:00,29.37,63.04,0.87,47.23,25.5,9.9,4.88,0.91,32,0.24,0.51,NA,NA,NA,NA,23.31,50.96,1.15,101.93,NA,0,NA,712.56,NA
22-11-2020 00:00,43.09,87.89,1.27,61.65,33.01,13.94,6.48,1.34,33.02,0.28,0.6,NA,NA,NA,NA,20.74,58.22,1.08,120.77,NA,0,NA,713.14,NA
23-11-2020 00:00,35.17,70.38,0.62,39.23,21.1,14.79,4.87,0.87,44.08,0.25,0.55,NA,NA,NA,NA,22.25,65.78,1.22,111.61,NA,0,NA,712.68,NA
24-11-2020 00:00,41.64,74.01,0.58,39.49,21.26,15.32,5.4,0.88,47.33,0.3,0.66,NA,NA,NA,NA,22.63,72.99,1.22,130.45,NA,0,NA,711.69,NA
25-11-2020 00:00,42.72,73.62,0.54,42.01,22.74,16.07,4.98,0.83,50.03,0.4,0.9,NA,NA,NA,NA,21.14,77.6,1.41,181.18,NA,0,NA,709.87,NA
26-11-2020 00:00,23,36.73,1.08,59.44,32.06,14.31,5.17,1.24,29.7,0.56,1.28,NA,NA,NA,NA,20.07,85.95,1.46,259.26,NA,0,NA,708.95,NA
27-11-2020 00:00,18.76,40.47,0.8,53.08,28.71,13.26,3.87,1.14,31.61,0.5,1.14,NA,NA,NA,NA,20.73,78.68,1.26,228.66,NA,0,NA,711.23,NA
28-11-2020 00:00,20.43,40.9,0.98,35.35,19.51,12.97,3.4,0.55,28.41,0.25,0.53,NA,NA,NA,NA,21.74,75.48,1.26,104.19,NA,0,NA,712.46,NA
29-11-2020 00:00,18.38,33.98,0.82,30.41,16.83,12.36,3.92,0.47,28.13,0.2,0.43,NA,NA,NA,NA,22.04,78.39,1.35,85.36,NA,0,NA,713.38,NA
30-11-2020 00:00,20.34,40.38,0.85,30.48,16.9,12.52,3.76,0.54,23.5,0.21,0.46,NA,NA,NA,NA,23.12,70.69,1.3,91.94,NA,0,NA,713.23,NA
01-12-2020 00:00,29.2,58.14,0.98,38.92,21.39,12.3,3.78,0.72,18.09,0.2,0.43,NA,NA,NA,NA,21.22,64.88,1.34,85.3,NA,0,NA,713.52,NA
02-12-2020 00:00,31.79,61.97,0.82,41.12,22.53,14.01,4.24,0.75,27.03,0.32,0.71,NA,NA,NA,NA,21.21,71.47,1.15,141.62,NA,0,NA,711.98,NA
03-12-2020 00:00,29.94,51.55,0.87,42.2,23.16,14.6,3.79,0.75,29.79,0.35,0.77,NA,NA,NA,NA,20.3,80.8,1.23,152.43,NA,0,NA,711.04,NA
04-12-2020 00:00,14.08,44.05,0.83,38.26,21.03,12.63,3.25,0.79,28.91,0.26,0.56,NA,NA,NA,NA,21.21,81.8,1.33,110.06,NA,0,NA,710.04,NA
05-12-2020 00:00,19.75,45.92,0.73,32.1,17.6,13.28,2.78,0.69,26.5,0.23,0.51,NA,NA,NA,NA,20.84,82.1,1.39,100,NA,0,NA,710.8,NA
06-12-2020 00:00,19.75,45.9,0.84,30.38,16.84,14.65,3.59,0.59,25.17,0.23,0.5,NA,NA,NA,NA,20.71,82.12,1.43,99.66,NA,0,NA,711.76,NA
07-12-2020 00:00,13.55,33.73,0.75,24.83,13.8,15.42,3.03,0.5,27.51,0.2,0.39,NA,NA,NA,NA,21.75,79.94,1.69,78.76,NA,0,NA,713,NA
08-12-2020 00:00,11.23,21.12,0.67,21.88,12.15,14.51,1.86,0.39,29.05,0.2,0.41,NA,NA,NA,NA,21.2,82.92,1.55,80.52,NA,0,NA,713.81,NA
09-12-2020 00:00,19.37,31.63,0.69,29.01,15.98,10.99,1.82,0.53,32.11,0.19,0.39,NA,NA,NA,NA,21.44,78.91,1.52,77.61,NA,0,NA,713.23,NA
10-12-2020 00:00,24.91,42.32,0.66,27.85,15.34,10.47,2.73,0.34,26.17,0.21,0.43,NA,NA,NA,NA,21.55,62.63,1.41,85.25,NA,0,NA,712.96,NA
11-12-2020 00:00,38.59,66.17,0.75,37.26,20.4,12.81,3.21,0.54,33.36,0.22,0.44,NA,NA,NA,NA,21.15,64.83,1.16,89.41,NA,0,NA,712.9,NA
12-12-2020 00:00,48.83,79.21,0.86,36.72,20.19,16.36,3.61,0.61,26.11,0.21,0.43,NA,NA,NA,NA,20.25,67.27,1.19,86.33,NA,0,NA,712.52,NA
13-12-2020 00:00,49.76,74.97,0.84,31.22,17.26,17.53,3.47,0.47,27.11,0.22,0.46,NA,NA,NA,NA,20.97,69.41,1.16,93.41,NA,0,NA,711.86,NA
14-12-2020 00:00,54.81,89.35,0.96,41.41,22.64,16.58,3.46,0.81,25.93,0.2,0.45,NA,NA,NA,NA,21.06,67.08,1.17,91.57,NA,0,NA,711.76,NA
15-12-2020 00:00,44.48,75.45,0.8,38.12,20.9,16.23,3.17,0.63,41.91,0.2,0.41,NA,NA,NA,NA,23.89,55.42,1.68,82.09,NA,0,NA,712.85,NA
16-12-2020 00:00,44.19,72.7,0.81,33.37,18.41,16.68,3.46,0.51,35.2,0.19,0.4,NA,NA,NA,NA,21.33,74,1.42,79.38,NA,0,NA,713.52,NA
17-12-2020 00:00,38.09,63.81,0.76,32.19,17.74,16.76,3.15,0.62,43.57,0.2,0.42,NA,NA,NA,NA,21.38,76.29,1.26,84.36,NA,0,NA,713.55,NA
18-12-2020 00:00,44.33,72.71,0.82,34.07,18.76,16.72,3.51,0.46,45.53,0.19,0.41,NA,NA,NA,NA,22.04,65.48,1.49,81.89,NA,0,NA,713.44,NA
19-12-2020 00:00,56.05,81.66,0.89,37.1,20.45,19.32,3.32,0.52,35.95,0.19,0.38,NA,NA,NA,NA,20.22,72.48,1.58,75.93,NA,0,NA,713.98,NA
20-12-2020 00:00,68.16,98.14,0.78,37.6,20.64,20.58,3.15,1.05,29.02,0.19,0.4,NA,NA,NA,NA,20.46,70.16,1.54,80.5,NA,0,NA,713.98,NA
21-12-2020 00:00,59.96,89.84,0.76,32.76,18.04,19.31,2.87,0.57,36.16,0.2,0.43,NA,NA,NA,NA,19.27,66.95,1.56,84.72,NA,0,NA,713.37,NA
22-12-2020 00:00,58.32,89.92,0.91,35.23,19.47,20.01,3.54,0.61,39.03,0.22,0.46,NA,NA,NA,NA,19.94,66.2,1.31,91.34,NA,0,NA,712.47,NA
23-12-2020 00:00,54.35,84.14,0.85,35.39,19.52,19.41,3.42,0.52,31.39,0.21,0.45,NA,NA,NA,NA,21.21,70.06,1.38,89.59,NA,0,NA,711.41,NA
24-12-2020 00:00,55.25,86.8,0.86,36.82,20.28,17.98,3.69,0.56,31.07,0.21,0.43,NA,NA,NA,NA,21.6,70.23,1.41,86.33,NA,0,NA,710.52,NA
25-12-2020 00:00,57.58,93.91,0.92,43,23.48,16.95,3.83,0.71,34.95,0.2,0.44,NA,NA,NA,NA,21.44,63.74,1.33,86.51,NA,0,NA,711.48,NA
26-12-2020 00:00,57.14,91.19,1.02,47.08,25.81,17.69,3.25,0.77,30.27,0.22,0.48,NA,NA,NA,NA,21.53,60.94,1.34,95.46,NA,0,NA,712.55,NA
27-12-2020 00:00,66.83,107.95,1.03,51.18,27.87,19.48,3.58,1,39.19,0.21,0.46,NA,NA,NA,NA,21.17,63.25,1.17,92.41,NA,0,NA,711.81,NA
28-12-2020 00:00,76.72,119.62,0.84,44.47,24.34,20.83,3.68,0.76,50.42,0.23,0.5,NA,NA,NA,NA,21.11,60.25,1.26,100.92,NA,0,NA,711.82,NA
29-12-2020 00:00,64.16,97.69,0.93,40.4,22.19,21.23,3.9,0.64,50.01,0.21,0.43,NA,NA,NA,NA,22.23,67.28,1.55,85.47,NA,0,NA,711.31,NA
30-12-2020 00:00,53.34,80.02,0.8,33.6,18.52,18.51,4.05,0.54,48.59,0.2,0.41,NA,NA,NA,NA,21.95,70.95,1.83,82.54,NA,0,NA,711.54,NA
31-12-2020 00:00,39.44,59.21,0.81,37.26,20.48,16.14,3.27,0.58,32.38,0.2,0.39,NA,NA,NA,NA,20.97,79.93,1.61,78.43,NA,0,NA,712.23,NA
